Writing kit,Beeswaxed Vegtan (/in^2),144
Writing kit,Beeswaxed Vegtan (/in^2),9
Phone case,Beeswaxed Vegtan (/in^2),54
Phone case,3oz Straight Stitching (/in),6
Phone case,Cutting,1
Phone case,Closure,1
Glasses case,Beeswaxed Vegtan (/in^2),42
Glasses case,6oz Straight Stitching (/in),5
Glasses case,6oz Curved Stitching (/in),1
Glasses case,Cutting,1
Glasses case,Closure,1
Wallet,Cutting,1
Writing kit,6oz Straight Stitching (/in),24
Wallet,6oz Straight Stitching (/in),2
Earbud wrap,Cutting,1
Lighter Leash,Cutting,1
Lighter Leash,6oz Straight Stitching (/in),2
Belt,Strap Cutting /in,40
Belt,Beeswaxed Vegtan (/in^2),50
Belt,6oz Straight Stitching (/in),3
Belt,Closure,2
Shoulder strap,Strap Cutting /in,60
Shoulder strap,Beeswaxed Vegtan (/in^2),30
Writing kit,6oz Curved Stitching (/in),2
Shoulder strap,Small Buckle/Clip,3
Toolkit,Beeswaxed Vegtan (/in^2),80
Toolkit,3oz Straight Stitching (/in),17
Toolkit,Cutting,1
Writing kit,Cutting,1
Small case,3oz Curved Stitching (/in),2
Small case,Cutting,1
Small case,Closure,1
Small case,Beeswaxed Vegtan (/in^2),72
Small case,3oz Straight Stitching (/in),6
